550e8400-e29b-41d4-a716-446655440000,John,Smith,john.smith@email.com,34,555-0123,New York,USA,Engineer,
550e8400-e29b-41d4-a716-446655440001,Maria,Garcia,mgarcia@email.com,28,,Madrid,Spain,Teacher,Photography
550e8400-e29b-41d4-a716-446655440002,James,Wilson,jwilson@email.com,45,555-0124,,,Architect,Golf
550e8400-e29b-41d4-a716-446655440003,Emma,Brown,ebrown@email.com,31,555-0125,London,UK,,Reading
550e8400-e29b-41d4-a716-446655440004,Lucas,Miller,lmiller@email.com,39,555-0126,Toronto,Canada,Doctor,Cooking
550e8400-e29b-41d4-a716-446655440005,Sofia,Anderson,sanderson@email.com,29,555-0127,Sydney,,Designer,
550e8400-e29b-41d4-a716-446655440006,Oliver,Taylor,otaylor@email.com,42,555-0128,Berlin,Germany,Professor,Chess
550e8400-e29b-41d4-a716-446655440007,Ava,Martinez,amartinez@email.com,33,,Paris,France,Artist,Painting
550e8400-e29b-41d4-a716-446655440008,William,Johnson,wjohnson@email.com,37,555-0129,,,Lawyer,Tennis
550e8400-e29b-41d4-a716-446655440009,Isabella,Lee,ilee@email.com,26,555-0130,Seoul,South Korea,Developer,
550e8400-e29b-41d4-a716-446655440010,Ethan,White,ewhite@email.com,41,555-0131,Vancouver,Canada,,Gaming
550e8400-e29b-41d4-a716-446655440011,Mia,Clark,mclark@email.com,30,555-0132,Dublin,Ireland,Journalist,Writing
550e8400-e29b-41d4-a716-446655440012,Alexander,Walker,awalker@email.com,36,,Melbourne,Australia,Manager,
550e8400-e29b-41d4-a716-446655440013,Charlotte,Hall,chall@email.com,32,555-0133,,,Accountant,Yoga
550e8400-e29b-41d4-a716-446655440014,Daniel,Young,dyoung@email.com,44,555-0134,Oslo,Norway,Consultant,Hiking
550e8400-e29b-41d4-a716-446655440015,Sophie,King,sking@email.com,27,555-0135,Amsterdam,,Writer,
550e8400-e29b-41d4-a716-446655440016,Henry,Wright,hwright@email.com,38,555-0136,Rome,Italy,Chef,Cooking
550e8400-e29b-41d4-a716-446655440017,Amelia,Lopez,alopez@email.com,35,,Barcelona,Spain,Teacher,Dancing
550e8400-e29b-41d4-a716-446655440018,Sebastian,Hill,shill@email.com,40,555-0137,,,Musician,Guitar
550e8400-e29b-41d4-a716-446655440019,Victoria,Scott,vscott@email.com,31,555-0138,Tokyo,Japan,Engineer,
550e8400-e29b-41d4-a716-446655440020,Jack,Green,jgreen@email.com,33,555-0139,Stockholm,Sweden,,Photography
550e8400-e29b-41d4-a716-446655440021,Emily,Adams,eadams@email.com,29,555-0140,Copenhagen,Denmark,Designer,Painting
550e8400-e29b-41d4-a716-446655440022,David,Baker,dbaker@email.com,46,,Helsinki,Finland,Architect,
550e8400-e29b-41d4-a716-446655440023,Sophia,Carter,scarter@email.com,34,555-0141,,,Doctor,Running
550e8400-e29b-41d4-a716-446655440024,Joseph,Morris,jmorris@email.com,39,555-0142,Brussels,Belgium,Professor,Reading
550e8400-e29b-41d4-a716-446655440025,Chloe,Phillips,cphillips@email.com,28,555-0143,Vienna,,Artist,
550e8400-e29b-41d4-a716-446655440026,Matthew,Rogers,mrogers@email.com,41,555-0144,Zurich,Switzerland,Lawyer,Skiing
550e8400-e29b-41d4-a716-446655440027,Ella,Cook,ecook@email.com,36,,Athens,Greece,Developer,Swimming
550e8400-e29b-41d4-a716-446655440028,Andrew,Morgan,amorgan@email.com,43,555-0145,,,Manager,Golf
550e8400-e29b-41d4-a716-446655440029,Grace,Cooper,gcooper@email.com,30,555-0146,Warsaw,Poland,Writer,
550e8400-e29b-41d4-a716-446655440030,Benjamin,Reed,breed@email.com,37,555-0147,Prague,Czech Republic,,Photography
550e8400-e29b-41d4-a716-446655440031,Scarlett,Bailey,sbailey@email.com,32,555-0148,Budapest,Hungary,Teacher,Yoga
550e8400-e29b-41d4-a716-446655440032,Samuel,Bell,sbell@email.com,45,,Lisbon,Portugal,Engineer,
550e8400-e29b-41d4-a716-446655440033,Lucy,Fisher,lfisher@email.com,31,555-0149,,,Artist,Painting
550e8400-e29b-41d4-a716-446655440034,Christopher,Ward,cward@email.com,38,555-0150,Dublin,Ireland,Consultant,Tennis
550e8400-e29b-41d4-a716-446655440035,Zoe,Watson,zwatson@email.com,29,555-0151,Edinburgh,,Doctor,
550e8400-e29b-41d4-a716-446655440036,Ryan,Ross,rross@email.com,42,555-0152,Glasgow,UK,Professor,Chess
550e8400-e29b-41d4-a716-446655440037,Hannah,Long,hlong@email.com,34,,Manchester,UK,Designer,Reading
550e8400-e29b-41d4-a716-446655440038,Nathan,Price,nprice@email.com,40,555-0153,,,Architect,Cycling
550e8400-e29b-41d4-a716-446655440039,Lily,Bennett,lbennett@email.com,33,555-0154,Liverpool,UK,Manager,
550e8400-e29b-41d4-a716-446655440040,Tyler,Wood,twood@email.com,36,555-0155,Birmingham,UK,,Gaming
550e8400-e29b-41d4-a716-446655440041,Evelyn,Barnes,ebarnes@email.com,31,555-0156,Bristol,UK,Developer,Photography
550e8400-e29b-41d4-a716-446655440042,Aaron,Ross,aross@email.com,44,,Cardiff,Wales,Writer,
550e8400-e29b-41d4-a716-446655440043,Madison,Hughes,mhughes@email.com,35,555-0157,,,Teacher,Dancing
550e8400-e29b-41d4-a716-446655440044,Owen,Russell,orussell@email.com,39,555-0158,Belfast,Northern Ireland,Engineer,Running
550e8400-e29b-41d4-a716-446655440045,Elizabeth,Gray,egray@email.com,28,555-0159,Montreal,,Artist,
550e8400-e29b-41d4-a716-446655440046,Isaac,Kelly,ikelly@email.com,41,555-0160,Ottawa,Canada,Lawyer,Hockey
550e8400-e29b-41d4-a716-446655440047,Addison,Sullivan,asullivan@email.com,37,,Quebec,Canada,Developer,Skiing
550e8400-e29b-41d4-a716-446655440048,Gabriel,Murphy,gmurphy@email.com,43,555-0161,,,Professor,Golf
550e8400-e29b-41d4-a716-446655440049,Brooklyn,Walsh,bwalsh@email.com,30,555-0162,Calgary,Canada,Manager,
550e8400-e29b-41d4-a716-446655440050,Mason,Simpson,msimpson@email.com,35,555-0163,Edmonton,Canada,,Photography
550e8400-e29b-41d4-a716-446655440051,Aubrey,Murray,amurray@email.com,32,555-0164,Vancouver,Canada,Doctor,
550e8400-e29b-41d4-a716-446655440052,Leo,Graham,lgraham@email.com,46,,Victoria,Canada,Engineer,Hiking
550e8400-e29b-41d4-a716-446655440053,Audrey,Powell,apowell@email.com,33,555-0165,,,Artist,Painting
550e8400-e29b-41d4-a716-446655440054,Julian,Gibson,jgibson@email.com,38,555-0166,Mexico City,Mexico,Teacher,
550e8400-e29b-41d4-a716-446655440055,Claire,Wallace,cwallace@email.com,29,555-0167,Guadalajara,,Writer,Reading
550e8400-e29b-41d4-a716-446655440056,Thomas,Butler,tbutler@email.com,41,555-0168,Monterrey,Mexico,Architect,
550e8400-e29b-41d4-a716-446655440057,Nora,Hayes,nhayes@email.com,36,,Cancun,Mexico,Developer,Swimming
550e8400-e29b-41d4-a716-446655440058,Dominic,Burns,dburns@email.com,43,555-0169,,,Manager,Golf
550e8400-e29b-41d4-a716-446655440059,Aurora,Foster,afoster@email.com,31,555-0170,São Paulo,Brazil,Consultant,
550e8400-e29b-41d4-a716-446655440060,Austin,Gordon,agordon@email.com,37,555-0171,Rio de Janeiro,Brazil,,Tennis
550e8400-e29b-41d4-a716-446655440061,Bella,Jenkins,bjenkins@email.com,34,555-0172,Buenos Aires,Argentina,Doctor,Yoga
550e8400-e29b-41d4-a716-446655440062,Chase,Perry,cperry@email.com,45,,Santiago,Chile,Engineer,
550e8400-e29b-41d4-a716-446655440063,Hazel,Powell,hpowell@email.com,30,555-0173,,,Artist,Dancing
550e8400-e29b-41d4-a716-446655440064,Xavier,Long,xlong@email.com,39,555-0174,Lima,Peru,Professor,Chess
550e8400-e29b-41d4-a716-446655440065,Lucy,Patterson,lpatterson@email.com,28,555-0175,Bogotá,,Designer,
550e8400-e29b-41d4-a716-446655440066,Carson,Hughes,chughes@email.com,42,555-0176,Caracas,Venezuela,Lawyer,Running
550e8400-e29b-41d4-a716-446655440067,Paisley,Bryant,pbryant@email.com,35,,Quito,Ecuador,Developer,Photography
550e8400-e29b-41d4-a716-446655440068,Miles,Russell,mrussell@email.com,40,555-0177,,,Writer,Cycling
550e8400-e29b-41d4-a716-446655440069,Kennedy,Coleman,kcoleman@email.com,32,555-0178,Mumbai,India,Teacher,
550e8400-e29b-41d4-a716-446655440070,Cameron,Richardson,crichardson@email.com,38,555-0179,New Delhi,India,,Gaming
550e8400-e29b-41d4-a716-446655440071,Violet,Howard,vhoward@email.com,33,555-0180,Bangalore,India,Engineer,Photography
550e8400-e29b-41d4-a716-446655440072,Maxwell,Ward,mward@email.com,44,,Chennai,India,Artist,
550e8400-e29b-41d4-a716-446655440073,Valentina,Torres,vtorres@email.com,31,555-0181,,,Manager,Yoga
550e8400-e29b-41d4-a716-446655440074,Harrison,Peterson,hpeterson@email.com,37,555-0182,Beijing,China,Doctor,Running
550e8400-e29b-41d4-a716-446655440075,Ruby,Gray,rgray@email.com,29,555-0183,Shanghai,,Writer,
550e8400-e29b-41d4-a716-446655440076,Jasper,Ramirez,jramirez@email.com,41,555-0184,Guangzhou,China,Professor,Tennis
550e8400-e29b-41d4-a716-446655440077,Autumn,James,ajames@email.com,36,,Shenzhen,China,Developer,Swimming
550e8400-e29b-41d4-a716-446655440078,Axel,Watson,awatson@email.com,43,555-0185,,,Architect,Golf
550e8400-e29b-41d4-a716-446655440079,Willow,Brooks,wbrooks@email.com,30,555-0186,Tokyo,Japan,Consultant,
550e8400-e29b-41d4-a716-446655440080,Roman,Kelly,rkelly@email.com,38,555-0187,Osaka,Japan,,Photography
550e8400-e29b-41d4-a716-446655440081,Ruby,Sanders,rsanders@email.com,34,555-0188,Kyoto,Japan,Teacher,Reading
550e8400-e29b-41d4-a716-446655440082,Silas,Price,sprice@email.com,45,,Yokohama,Japan,Engineer,
550e8400-e29b-41d4-a716-446655440083,Ivy,Bennett,ibennett@email.com,32,555-0189,,,Artist,Dancing
550e8400-e29b-41d4-a716-446655440084,Jude,Wood,jwood@email.com,39,555-0190,Seoul,South Korea,Manager,Chess
550e8400-e29b-41d4-a716-446655440085,Skylar,Barnes,sbarnes@email.com,28,555-0191,Busan,,Doctor,
550e8400-e29b-41d4-a716-446655440086,Felix,Ross,fross@email.com,42,555-0192,Singapore,Singapore,Lawyer,Running
550e8400-e29b-41d4-a716-446655440087,Naomi,Hughes,nhughes@email.com,35,,Bangkok,Thailand,Developer,Yoga
550e8400-e29b-41d4-a716-446655440088,Oscar,Russell,orussell@email.com,40,555-0193,,,Writer,Cycling
550e8400-e29b-41d4-a716-446655440089,Delilah,Gray,dgray@email.com,31,555-0194,Jakarta,Indonesia,Professor,
550e8400-e29b-41d4-a716-446655440090,Calvin,Kelly,ckelly@email.com,37,555-0195,Manila,Philippines,,Gaming
550e8400-e29b-41d4-a716-446655440091,Luna,Sullivan,lsullivan@email.com,33,555-0196,Hanoi,Vietnam,Engineer,Photography
550e8400-e29b-41d4-a716-446655440092,Finn,Murphy,fmurphy@email.com,44,,Ho Chi Minh City,Vietnam,Artist,
550e8400-e29b-41d4-a716-446655440093,Savannah,Walsh,swalsh@email.com,30,555-0197,,,Manager,Tennis
550e8400-e29b-41d4-a716-446655440094,Kai,Simpson,ksimpson@email.com,38,555-0198,Sydney,Australia,Consultant,Running
550e8400-e29b-41d4-a716-446655440095,Iris,Murray,imurray@email.com,29,555-0199,Melbourne,,Writer,
550e8400-e29b-41d4-a716-446655440096,Atlas,Graham,agraham@email.com,41,555-0200,Brisbane,Australia,Doctor,Swimming
550e8400-e29b-41d4-a716-446655440097,Eden,Powell,epowell@email.com,36,,Perth,Australia,Developer,Golf
550e8400-e29b-41d4-a716-446655440098,Cole,Gibson,cgibson@email.com,43,555-0201,,,Teacher,Photography
550e8400-e29b-41d4-a716-446655440099,Jade,Wallace,jwallace@email.com,32,555-0202,Auckland,New Zealand,Professor,
550e8400-e29b-41d4-a716-446655440100,Luca,Butler,lbutler@email.com,38,555-0203,Wellington,New Zealand,,Tennis
550e8400-e29b-41d4-a716-446655440101,Nova,Hayes,nhayes@email.com,34,555-0204,Christchurch,New Zealand,Engineer,
550e8400-e29b-41d4-a716-446655440102,Zion,Burns,zburns@email.com,45,,Hamilton,New Zealand,Artist,Hiking
550e8400-e29b-41d4-a716-446655440103,Athena,Foster,afoster@email.com,31,555-0205,,,Manager,Painting
550e8400-e29b-41d4-a716-446655440104,Finn,Gordon,fgordon@email.com,39,555-0206,Cairo,Egypt,Doctor,
550e8400-e29b-41d4-a716-446655440105,Iris,Jenkins,ijenkins@email.com,28,555-0207,Alexandria,,Writer,Reading
550e8400-e29b-41d4-a716-446655440106,Kai,Perry,kperry@email.com,42,555-0208,Johannesburg,South Africa,Lawyer,
550e8400-e29b-41d4-a716-446655440107,Rose,Powell,rpowell@email.com,35,,Cape Town,South Africa,Developer,Swimming
550e8400-e29b-41d4-a716-446655440108,Dean,Long,dlong@email.com,40,555-0209,,,Professor,Golf
550e8400-e29b-41d4-a716-446655440109,Daisy,Patterson,dpatterson@email.com,32,555-0210,Lagos,Nigeria,Consultant,
550e8400-e29b-41d4-a716-446655440110,Cole,Hughes,chughes@email.com,37,555-0211,Nairobi,Kenya,,Photography
550e8400-e29b-41d4-a716-446655440111,Lily,Bryant,lbryant@email.com,33,555-0212,Accra,Ghana,Engineer,Yoga
550e8400-e29b-41d4-a716-446655440112,Liam,Russell,lrussell@email.com,44,,Casablanca,Morocco,Artist,
550e8400-e29b-41d4-a716-446655440113,Eva,Coleman,ecoleman@email.com,30,555-0213,,,Manager,Dancing
550e8400-e29b-41d4-a716-446655440114,Noah,Richardson,nrichardson@email.com,38,555-0214,Dubai,UAE,Doctor,Chess
550e8400-e29b-41d4-a716-446655440115,Mila,Howard,mhoward@email.com,29,555-0215,Abu Dhabi,,Writer,
550e8400-e29b-41d4-a716-446655440116,Lucas,Ward,lward@email.com,41,555-0216,Doha,Qatar,Lawyer,Running
550e8400-e29b-41d4-a716-446655440117,Aria,Torres,atorres@email.com,36,,Riyadh,Saudi Arabia,Developer,Photography
550e8400-e29b-41d4-a716-446655440118,Elijah,Peterson,epeterson@email.com,43,555-0217,,,Professor,Cycling
550e8400-e29b-41d4-a716-446655440119,Zara,Gray,zgray@email.com,31,555-0218,Tel Aviv,Israel,Teacher,
550e8400-e29b-41d4-a716-446655440120,Oliver,Ramirez,oramirez@email.com,37,555-0219,Istanbul,Turkey,,Gaming
550e8400-e29b-41d4-a716-446655440121,Luna,James,ljames@email.com,34,555-0220,Ankara,Turkey,Engineer,Photography
550e8400-e29b-41d4-a716-446655440122,Mason,Watson,mwatson@email.com,45,,Izmir,Turkey,Artist,
550e8400-e29b-41d4-a716-446655440123,Nova,Brooks,nbrooks@email.com,32,555-0221,,,Manager,Yoga
550e8400-e29b-41d4-a716-446655440124,Ethan,Kelly,ekelly@email.com,39,555-0222,Moscow,Russia,Doctor,Running
550e8400-e29b-41d4-a716-446655440125,Aurora,Sanders,asanders@email.com,28,555-0223,St. Petersburg,,Writer,
550e8400-e29b-41d4-a716-446655440126,Leo,Price,lprice@email.com,42,555-0224,Kiev,Ukraine,Professor,Tennis
550e8400-e29b-41d4-a716-446655440127,Hazel,Bennett,hbennett@email.com,35,,Minsk,Belarus,Developer,Swimming
550e8400-e29b-41d4-a716-446655440128,Owen,Wood,owood@email.com,40,555-0225,,,Architect,Golf
550e8400-e29b-41d4-a716-446655440129,Violet,Barnes,vbarnes@email.com,31,555-0226,Bucharest,Romania,Consultant,
550e8400-e29b-41d4-a716-446655440130,Sebastian,Ross,sross@email.com,38,555-0227,Sofia,Bulgaria,,Photography
550e8400-e29b-41d4-a716-446655440131,Scarlett,Hughes,shughes@email.com,33,555-0228,Belgrade,Serbia,Engineer,Reading
550e8400-e29b-41d4-a716-446655440132,Jack,Russell,jrussell@email.com,44,,Zagreb,Croatia,Artist,
550e8400-e29b-41d4-a716-446655440133,Maya,Gray,mgray@email.com,30,555-0229,,,Manager,Dancing
550e8400-e29b-41d4-a716-446655440134,Henry,Kelly,hkelly@email.com,37,555-0230,Ljubljana,Slovenia,Doctor,Chess
550e8400-e29b-41d4-a716-446655440135,Elena,Sullivan,esullivan@email.com,29,555-0231,Bratislava,,Writer,
550e8400-e29b-41d4-a716-446655440136,Charles,Murphy,cmurphy@email.com,41,555-0232,Riga,Latvia,Lawyer,Running
550e8400-e29b-41d4-a716-446655440137,Alice,Walsh,awalsh@email.com,36,,Tallinn,Estonia,Developer,Photography
550e8400-e29b-41d4-a716-446655440138,Thomas,Simpson,tsimpson@email.com,43,555-0233,,,Professor,Cycling
550e8400-e29b-41d4-a716-446655440139,Clara,Murray,cmurray@email.com,32,555-0234,Vilnius,Lithuania,Teacher,
550e8400-e29b-41d4-a716-446655440140,Arthur,Graham,agraham@email.com,38,555-0235,Reykjavik,Iceland,,Gaming
550e8400-e29b-41d4-a716-446655440141,Lucy,Powell,lpowell@email.com,34,555-0236,Malta,Malta,Engineer,Photography
550e8400-e29b-41d4-a716-446655440142,Felix,Gibson,fgibson@email.com,45,,Luxembourg,Luxembourg,Artist,
550e8400-e29b-41d4-a716-446655440143,Sophie,Wallace,swallace@email.com,31,555-0237,,,Manager,Yoga
550e8400-e29b-41d4-a716-446655440144,Max,Butler,mbutler@email.com,39,555-0238,Monaco,Monaco,Doctor,Running
550e8400-e29b-41d4-a716-446655440145,Emma,Hayes,ehayes@email.com,28,555-0239,Andorra,,Writer,
550e8400-e29b-41d4-a716-446655440146,Theodore,Burns,tburns@email.com,42,555-0240,San Marino,San Marino,Professor,Tennis
550e8400-e29b-41d4-a716-446655440147,Grace,Foster,gfoster@email.com,35,,Vatican City,Vatican City,Developer,Swimming
550e8400-e29b-41d4-a716-446655440148,Oscar,Gordon,ogordon@email.com,40,555-0241,,,Architect,Golf
550e8400-e29b-41d4-a716-446655440149,Isabella,Jenkins,ijenkins@email.com,32,555-0242,Valletta,Malta,Consultant,
550e8400-e29b-41d4-a716-446655440150,Lucas,Perry,lperry@email.com,37,555-0243,Nicosia,Cyprus,,Tennis
550e8400-e29b-41d4-a716-446655440151,Mia,Powell,mpowell@email.com,33,555-0244,Tbilisi,Georgia,Engineer,
550e8400-e29b-41d4-a716-446655440152,William,Long,wlong@email.com,44,,Yerevan,Armenia,Artist,Hiking
550e8400-e29b-41d4-a716-446655440153,Ava,Patterson,apatterson@email.com,30,555-0245,,,Manager,Painting
550e8400-e29b-41d4-a716-446655440154,James,Hughes,jhughes@email.com,38,555-0246,Baku,Azerbaijan,Doctor,
550e8400-e29b-41d4-a716-446655440155,Charlotte,Bryant,cbryant@email.com,29,555-0247,Astana,,Writer,Reading
550e8400-e29b-41d4-a716-446655440156,Benjamin,Russell,brussell@email.com,41,555-0248,Tashkent,Uzbekistan,Lawyer,
550e8400-e29b-41d4-a716-446655440157,Sophia,Coleman,scoleman@email.com,36,,Bishkek,Kyrgyzstan,Developer,Swimming
550e8400-e29b-41d4-a716-446655440158,Henry,Richardson,hrichardson@email.com,43,555-0249,,,Professor,Golf
550e8400-e29b-41d4-a716-446655440159,Emily,Howard,ehoward@email.com,31,555-0250,Dushanbe,Tajikistan,Consultant,
550e8400-e29b-41d4-a716-446655440160,Alexander,Ward,award@email.com,37,555-0251,Ashgabat,Turkmenistan,,Photography
550e8400-e29b-41d4-a716-446655440161,Elizabeth,Torres,etorres@email.com,34,555-0252,Ulaanbaatar,Mongolia,Engineer,Yoga
550e8400-e29b-41d4-a716-446655440162,Daniel,Peterson,dpeterson@email.com,45,,Kabul,Afghanistan,Artist,
550e8400-e29b-41d4-a716-446655440163,Victoria,Gray,vgray@email.com,32,555-0253,,,Manager,Dancing
550e8400-e29b-41d4-a716-446655440164,Joseph,Ramirez,jramirez@email.com,39,555-0254,Kathmandu,Nepal,Doctor,Chess
550e8400-e29b-41d4-a716-446655440165,Sofia,James,sjames@email.com,28,555-0255,Thimphu,,Writer,
550e8400-e29b-41d4-a716-446655440166,David,Watson,dwatson@email.com,42,555-0256,Colombo,Sri Lanka,Lawyer,Running
550e8400-e29b-41d4-a716-446655440167,Scarlett,Brooks,sbrooks@email.com,35,,Male,Maldives,Developer,Photography
550e8400-e29b-41d4-a716-446655440168,Christopher,Kelly,ckelly@email.com,40,555-0257,,,Professor,Cycling
550e8400-e29b-41d4-a716-446655440169,Madison,Sanders,msanders@email.com,31,555-0258,Dhaka,Bangladesh,Teacher,
550e8400-e29b-41d4-a716-446655440170,Andrew,Price,aprice@email.com,38,555-0259,Yangon,Myanmar,,Gaming
550e8400-e29b-41d4-a716-446655440171,Avery,Bennett,abennett@email.com,33,555-0260,Vientiane,Laos,Engineer,Photography
550e8400-e29b-41d4-a716-446655440172,Joshua,Wood,jwood@email.com,44,,Phnom Penh,Cambodia,Artist,
550e8400-e29b-41d4-a716-446655440173,Evelyn,Barnes,ebarnes@email.com,30,555-0261,,,Manager,Yoga
550e8400-e29b-41d4-a716-446655440174,Nicholas,Ross,nross@email.com,37,555-0262,Port Moresby,Papua New Guinea,Doctor,Running
550e8400-e29b-41d4-a716-446655440175,Hannah,Hughes,hhughes@email.com,29,555-0263,Suva,,Writer,
550e8400-e29b-41d4-a716-446655440176,Ryan,Russell,rrussell@email.com,41,555-0264,Honiara,Solomon Islands,Professor,Tennis
550e8400-e29b-41d4-a716-446655440177,Sarah,Gray,sgray@email.com,36,,Nuku'alofa,Tonga,Developer,Swimming
550e8400-e29b-41d4-a716-446655440178,Tyler,Kelly,tkelly@email.com,43,555-0265,,,Architect,Golf
550e8400-e29b-41d4-a716-446655440179,Lauren,Sullivan,lsullivan@email.com,32,555-0266,Apia,Samoa,Consultant,
550e8400-e29b-41d4-a716-446655440180,Brandon,Murphy,bmurphy@email.com,38,555-0267,Port Vila,Vanuatu,,Photography
550e8400-e29b-41d4-a716-446655440181,Natalie,Walsh,nwalsh@email.com,34,555-0268,Noumea,New Caledonia,Engineer,Reading
550e8400-e29b-41d4-a716-446655440182,Kevin,Simpson,ksimpson@email.com,45,,Papeete,French Polynesia,Artist,
550e8400-e29b-41d4-a716-446655440183,Rachel,Murray,rmurray@email.com,31,555-0269,,,Manager,Dancing
550e8400-e29b-41d4-a716-446655440184,Justin,Graham,jgraham@email.com,39,555-0270,Majuro,Marshall Islands,Doctor,Chess
550e8400-e29b-41d4-a716-446655440185,Samantha,Powell,spowell@email.com,28,555-0271,Koror,,Writer,
550e8400-e29b-41d4-a716-446655440186,Eric,Gibson,egibson@email.com,42,555-0272,Palikir,Micronesia,Lawyer,Running
550e8400-e29b-41d4-a716-446655440187,Katherine,Wallace,kwallace@email.com,35,,Funafuti,Tuvalu,Developer,Photography
550e8400-e29b-41d4-a716-446655440188,Stephen,Butler,sbutler@email.com,40,555-0273,,,Professor,Cycling
550e8400-e29b-41d4-a716-446655440189,Angela,Hayes,ahayes@email.com,31,555-0274,Nassau,Bahamas,Teacher,
550e8400-e29b-41d4-a716-446655440190,Timothy,Burns,tburns@email.com,37,555-0275,Kingston,Jamaica,,Gaming
550e8400-e29b-41d4-a716-446655440191,Rebecca,Foster,rfoster@email.com,33,555-0276,Bridgetown,Barbados,Engineer,Photography
550e8400-e29b-41d4-a716-446655440192,Brian,Gordon,bgordon@email.com,44,,Port of Spain,Trinidad and Tobago,Artist,
550e8400-e29b-41d4-a716-446655440193,Michelle,Jenkins,mjenkins@email.com,30,555-0277,,,Manager,Yoga
550e8400-e29b-41d4-a716-446655440194,Edward,Perry,eperry@email.com,38,555-0278,Georgetown,Guyana,Doctor,Running
550e8400-e29b-41d4-a716-446655440195,Laura,Powell,lpowell@email.com,29,555-0279,Paramaribo,,Writer,
550e8400-e29b-41d4-a716-446655440196,Steven,Long,slong@email.com,41,555-0280,Cayenne,French Guiana,Professor,Tennis
550e8400-e29b-41d4-a716-446655440197,Amanda,Patterson,apatterson@email.com,36,,Asunción,Paraguay,Developer,Swimming
550e8400-e29b-41d4-a716-446655440198,Jeffrey,Hughes,jhughes@email.com,43,555-0281,,,Architect,Golf
550e8400-e29b-41d4-a716-446655440199,Melissa,Bryant,mbryant@email.com,32,555-0282,La Paz,Bolivia,Consultant,
550e8400-e29b-41d4-a716-446655440200,George,Russell,grussell@email.com,38,555-0283,Montevideo,Uruguay,,Tennis
550e8400-e29b-41d4-a716-446655440201,Nicole,Coleman,ncoleman@email.com,34,555-0284,Quito,Ecuador,Engineer,
550e8400-e29b-41d4-a716-446655440202,Kenneth,Richardson,krichardson@email.com,45,,Caracas,Venezuela,Artist,Hiking
550e8400-e29b-41d4-a716-446655440203,Jennifer,Howard,jhoward@email.com,31,555-0285,,,Manager,Painting
550e8400-e29b-41d4-a716-446655440204,Paul,Ward,pward@email.com,39,555-0286,San Jose,Costa Rica,Doctor,
550e8400-e29b-41d4-a716-446655440205,Lisa,Torres,ltorres@email.com,28,555-0287,Panama City,,Writer,Reading
550e8400-e29b-41d4-a716-446655440206,Mark,Peterson,mpeterson@email.com,42,555-0288,Managua,Nicaragua,Lawyer,
550e8400-e29b-41d4-a716-446655440207,Sandra,Gray,sgray@email.com,35,,Tegucigalpa,Honduras,Developer,Swimming
550e8400-e29b-41d4-a716-446655440208,Ronald,Ramirez,rramirez@email.com,40,555-0289,,,Professor,Golf
550e8400-e29b-41d4-a716-446655440209,Ashley,James,ajames@email.com,31,555-0290,San Salvador,El Salvador,Consultant,
550e8400-e29b-41d4-a716-446655440210,Donald,Watson,dwatson@email.com,37,555-0291,Guatemala City,Guatemala,,Photography
550e8400-e29b-41d4-a716-446655440211,Helen,Brooks,hbrooks@email.com,33,555-0292,Belmopan,Belize,Engineer,Yoga
550e8400-e29b-41d4-a716-446655440212,Steven,Kelly,skelly@email.com,44,,Santo Domingo,Dominican Republic,Artist,
550e8400-e29b-41d4-a716-446655440213,Diane,Sanders,dsanders@email.com,30,555-0293,,,Manager,Dancing
550e8400-e29b-41d4-a716-446655440214,Richard,Price,rprice@email.com,38,555-0294,Port-au-Prince,Haiti,Doctor,Chess
550e8400-e29b-41d4-a716-446655440215,Carol,Bennett,cbennett@email.com,29,555-0295,Havana,,Writer,
550e8400-e29b-41d4-a716-446655440216,Daniel,Wood,dwood@email.com,41,555-0296,Kingston,Jamaica,Lawyer,Running
550e8400-e29b-41d4-a716-446655440217,Ruth,Barnes,rbarnes@email.com,36,,Nassau,Bahamas,Developer,Photography
550e8400-e29b-41d4-a716-446655440218,Gary,Ross,gross@email.com,43,555-0297,,,Professor,Cycling
550e8400-e29b-41d4-a716-446655440219,Sharon,Hughes,shughes@email.com,32,555-0298,Reykjavik,Iceland,Teacher,
550e8400-e29b-41d4-a716-446655440220,Larry,Russell,lrussell@email.com,38,555-0299,Oslo,Norway,,Gaming
550e8400-e29b-41d4-a716-446655440221,Cynthia,Gray,cgray@email.com,34,555-0300,Helsinki,Finland,Engineer,Photography
550e8400-e29b-41d4-a716-446655440222,Gregory,Kelly,gkelly@email.com,45,,Copenhagen,Denmark,Artist,
550e8400-e29b-41d4-a716-446655440223,Dorothy,Sullivan,dsullivan@email.com,31,555-0301,,,Manager,Yoga
550e8400-e29b-41d4-a716-446655440224,Dennis,Murphy,dmurphy@email.com,39,555-0302,Stockholm,Sweden,Doctor,Running
550e8400-e29b-41d4-a716-446655440225,Joyce,Walsh,jwalsh@email.com,28,555-0303,Tallinn,,Writer,
550e8400-e29b-41d4-a716-446655440226,Peter,Simpson,psimpson@email.com,42,555-0304,Riga,Latvia,Professor,Tennis
550e8400-e29b-41d4-a716-446655440227,Patricia,Murray,pmurray@email.com,35,,Vilnius,Lithuania,Developer,Swimming
550e8400-e29b-41d4-a716-446655440228,Frank,Graham,fgraham@email.com,40,555-0305,,,Architect,Golf
550e8400-e29b-41d4-a716-446655440229,Judy,Powell,jpowell@email.com,31,555-0306,Warsaw,Poland,Consultant,
550e8400-e29b-41d4-a716-446655440230,Douglas,Gibson,dgibson@email.com,37,555-0307,Prague,Czech Republic,,Photography
550e8400-e29b-41d4-a716-446655440231,Martha,Wallace,mwallace@email.com,33,555-0308,Bratislava,Slovakia,Engineer,Reading
550e8400-e29b-41d4-a716-446655440232,Jerry,Butler,jbutler@email.com,44,,Budapest,Hungary,Artist,
550e8400-e29b-41d4-a716-446655440233,Betty,Hayes,bhayes@email.com,30,555-0309,,,Manager,Dancing
550e8400-e29b-41d4-a716-446655440234,Gerald,Burns,gburns@email.com,38,555-0310,Ljubljana,Slovenia,Doctor,Chess
550e8400-e29b-41d4-a716-446655440235,Joan,Foster,jfoster@email.com,29,555-0311,Zagreb,,Writer,
550e8400-e29b-41d4-a716-446655440236,Walter,Gordon,wgordon@email.com,41,555-0312,Sarajevo,Bosnia,Lawyer,Running
550e8400-e29b-41d4-a716-446655440237,Cheryl,Jenkins,cjenkins@email.com,36,,Belgrade,Serbia,Developer,Photography
550e8400-e29b-41d4-a716-446655440238,Roger,Perry,rperry@email.com,43,555-0313,,,Professor,Cycling
550e8400-e29b-41d4-a716-446655440239,Theresa,Powell,tpowell@email.com,32,555-0314,Skopje,Macedonia,Teacher,
550e8400-e29b-41d4-a716-446655440240,Howard,Long,hlong@email.com,38,555-0315,Tirana,Albania,,Gaming
550e8400-e29b-41d4-a716-446655440241,Kathy,Patterson,kpatterson@email.com,34,555-0316,Podgorica,Montenegro,Engineer,Photography
550e8400-e29b-41d4-a716-446655440242,Eugene,Hughes,ehughes@email.com,45,,Chisinau,Moldova,Artist,
550e8400-e29b-41d4-a716-446655440243,Gloria,Bryant,gbryant@email.com,31,555-0317,,,Manager,Yoga
550e8400-e29b-41d4-a716-446655440244,Lawrence,Russell,lrussell@email.com,39,555-0318,Valletta,Malta,Doctor,Running
550e8400-e29b-41d4-a716-446655440245,Teresa,Coleman,tcoleman@email.com,28,555-0319,Nicosia,,Writer,
550e8400-e29b-41d4-a716-446655440246,Bruce,Richardson,brichardson@email.com,42,555-0320,San Marino,San Marino,Professor,Tennis
550e8400-e29b-41d4-a716-446655440247,Beverly,Howard,bhoward@email.com,35,,Andorra la Vella,Andorra,Developer,Swimming
550e8400-e29b-41d4-a716-446655440248,Albert,Ward,award@email.com,40,555-0321,,,Architect,Golf
550e8400-e29b-41d4-a716-446655440249,Denise,Torres,dtorres@email.com,31,555-0322,Monaco,Monaco,Consultant,
550e8400-e29b-41d4-a716-446655440250,Willie,Peterson,wpeterson@email.com,37,555-0323,Luxembourg,Luxembourg,,Tennis
550e8400-e29b-41d4-a716-446655440251,Marilyn,Gray,mgray@email.com,33,555-0324,Vaduz,Liechtenstein,Engineer,
550e8400-e29b-41d4-a716-446655440252,Ralph,Ramirez,rramirez@email.com,44,,Brussels,Belgium,Artist,Hiking
550e8400-e29b-41d4-a716-446655440253,Frances,James,fjames@email.com,30,555-0325,,,Manager,Painting
550e8400-e29b-41d4-a716-446655440254,Roy,Watson,rwatson@email.com,38,555-0326,The Hague,Netherlands,Doctor,
550e8400-e29b-41d4-a716-446655440255,Lois,Brooks,lbrooks@email.com,29,555-0327,Bern,,Writer,Reading
550e8400-e29b-41d4-a716-446655440256,Billy,Kelly,bkelly@email.com,41,555-0328,Vienna,Austria,Lawyer,
550e8400-e29b-41d4-a716-446655440257,Jean,Sanders,jsanders@email.com,36,,Dublin,Ireland,Developer,Swimming
550e8400-e29b-41d4-a716-446655440258,Wayne,Price,wprice@email.com,43,555-0329,,,Professor,Golf
550e8400-e29b-41d4-a716-446655440259,Judith,Bennett,jbennett@email.com,32,555-0330,Cardiff,Wales,Consultant,
550e8400-e29b-41d4-a716-446655440260,Randy,Wood,rwood@email.com,38,555-0331,Edinburgh,Scotland,,Photography
550e8400-e29b-41d4-a716-446655440261,Louise,Barnes,lbarnes@email.com,34,555-0332,Belfast,Northern Ireland,Engineer,Yoga
550e8400-e29b-41d4-a716-446655440262,Carlos,Ross,cross@email.com,45,,Lisbon,Portugal,Artist,
550e8400-e29b-41d4-a716-446655440263,Kathryn,Hughes,khughes@email.com,31,555-0333,,,Manager,Dancing
550e8400-e29b-41d4-a716-446655440264,Russell,Russell,rrussell@email.com,39,555-0334,Madrid,Spain,Doctor,Chess
550e8400-e29b-41d4-a716-446655440265,Annie,Gray,agray@email.com,28,555-0335,Rome,,Writer,
550e8400-e29b-41d4-a716-446655440266,Philip,Kelly,pkelly@email.com,42,555-0336,Athens,Greece,Lawyer,Running
550e8400-e29b-41d4-a716-446655440267,Phyllis,Sullivan,psullivan@email.com,35,,Bucharest,Romania,Developer,Photography
550e8400-e29b-41d4-a716-446655440268,Johnny,Murphy,jmurphy@email.com,40,555-0337,,,Professor,Cycling
550e8400-e29b-41d4-a716-446655440269,Rose,Walsh,rwalsh@email.com,31,555-0338,Sofia,Bulgaria,Teacher,
550e8400-e29b-41d4-a716-446655440270,Ernest,Simpson,esimpson@email.com,37,555-0339,Zagreb,Croatia,,Gaming
550e8400-e29b-41d4-a716-446655440271,Bonnie,Murray,bmurray@email.com,33,555-0340,Belgrade,Serbia,Engineer,Photography
550e8400-e29b-41d4-a716-446655440272,Bobby,Graham,bgraham@email.com,44,,Sarajevo,Bosnia,Artist,
550e8400-e29b-41d4-a716-446655440273,Norma,Powell,npowell@email.com,30,555-0341,,,Manager,Yoga
550e8400-e29b-41d4-a716-446655440274,Harold,Gibson,hgibson@email.com,38,555-0342,Skopje,Macedonia,Doctor,Running
550e8400-e29b-41d4-a716-446655440275,Marlene,Wallace,mwallace@email.com,29,555-0343,Tirana,,Writer,
550e8400-e29b-41d4-a716-446655440276,Stanley,Butler,sbutler@email.com,41,555-0344,Podgorica,Montenegro,Professor,Tennis
550e8400-e29b-41d4-a716-446655440277,Charlotte,Hayes,chayes@email.com,36,,Chisinau,Moldova,Developer,Swimming
550e8400-e29b-41d4-a716-446655440278,Bernard,Burns,bburns@email.com,43,555-0345,,,Architect,Golf
550e8400-e29b-41d4-a716-446655440279,Marjorie,Foster,mfoster@email.com,32,555-0346,Kiev,Ukraine,Consultant,
550e8400-e29b-41d4-a716-446655440280,Gilbert,Gordon,ggordon@email.com,38,555-0347,Minsk,Belarus,,Photography
550e8400-e29b-41d4-a716-446655440281,Christine,Jenkins,cjenkins@email.com,34,555-0348,Riga,Latvia,Engineer,Reading
550e8400-e29b-41d4-a716-446655440282,Harvey,Perry,hperry@email.com,45,,Vilnius,Lithuania,Artist,
550e8400-e29b-41d4-a716-446655440283,Florence,Powell,fpowell@email.com,31,555-0349,,,Manager,Dancing
550e8400-e29b-41d4-a716-446655440284,Norman,Long,nlong@email.com,39,555-0350,Tallinn,Estonia,Doctor,Chess
550e8400-e29b-41d4-a716-446655440285,Audrey,Patterson,apatterson@email.com,28,555-0351,Helsinki,,Writer,
550e8400-e29b-41d4-a716-446655440286,Eugene,Hughes,ehughes@email.com,42,555-0352,Stockholm,Sweden,Lawyer,Running
550e8400-e29b-41d4-a716-446655440287,Virginia,Bryant,vbryant@email.com,35,,Oslo,Norway,Developer,Photography
550e8400-e29b-41d4-a716-446655440288,Warren,Russell,wrussell@email.com,40,555-0353,,,Professor,Cycling
550e8400-e29b-41d4-a716-446655440289,Gladys,Coleman,gcoleman@email.com,31,555-0354,Copenhagen,Denmark,Teacher,
550e8400-e29b-41d4-a716-446655440290,Charlie,Richardson,crichardson@email.com,37,555-0355,Reykjavik,Iceland,,Gaming
550e8400-e29b-41d4-a716-446655440291,Catherine,Howard,choward@email.com,33,555-0356,Dublin,Ireland,Engineer,Photography
550e8400-e29b-41d4-a716-446655440292,Dale,Ward,dward@email.com,44,,London,UK,Artist,
550e8400-e29b-41d4-a716-446655440293,Frances,Torres,ftorres@email.com,30,555-0357,,,Manager,Yoga
550e8400-e29b-41d4-a716-446655440294,Henry,Peterson,hpeterson@email.com,38,555-0358,Paris,France,Doctor,Running
550e8400-e29b-41d4-a716-446655440295,Rachel,Gray,rgray@email.com,29,555-0359,Berlin,,Writer,
550e8400-e29b-41d4-a716-446655440296,Arthur,Ramirez,aramirez@email.com,41,555-0360,Rome,Italy,Professor,Tennis
550e8400-e29b-41d4-a716-446655440297,Gloria,James,gjames@email.com,36,,Madrid,Spain,Developer,Swimming
550e8400-e29b-41d4-a716-446655440298,Lawrence,Watson,lwatson@email.com,43,555-0361,,,Architect,Golf
550e8400-e29b-41d4-a716-446655440299,Eleanor,Brooks,ebrooks@email.com,32,555-0362,Lisbon,Portugal,Consultant,
550e8400-e29b-41d4-a716-446655440300,Carl,Kelly,ckelly@email.com,38,555-0363,Athens,Greece,,Tennis
550e8400-e29b-41d4-a716-446655440301,Pearl,Sanders,psanders@email.com,34,555-0364,Brussels,Belgium,Engineer,
550e8400-e29b-41d4-a716-446655440302,Earl,Price,eprice@email.com,45,,Amsterdam,Netherlands,Artist,Hiking
550e8400-e29b-41d4-a716-446655440303,Josephine,Bennett,jbennett@email.com,31,555-0365,,,Manager,Painting
550e8400-e29b-41d4-a716-446655440304,Claude,Wood,cwood@email.com,39,555-0366,Vienna,Austria,Doctor,
550e8400-e29b-41d4-a716-446655440305,Mildred,Barnes,mbarnes@email.com,28,555-0367,Warsaw,,Writer,Reading
550e8400-e29b-41d4-a716-446655440306,Roger,Ross,rross@email.com,42,555-0368,Prague,Czech Republic,Lawyer,
550e8400-e29b-41d4-a716-446655440307,Marvin,Hughes,mhughes@email.com,35,,Budapest,Hungary,Developer,Swimming
550e8400-e29b-41d4-a716-446655440308,Ethel,Russell,erussell@email.com,40,555-0369,,,Professor,Golf
550e8400-e29b-41d4-a716-446655440309,Glen,Gray,ggray@email.com,31,555-0370,Zagreb,Croatia,Consultant,
550e8400-e29b-41d4-a716-446655440310,Bessie,Kelly,bkelly@email.com,37,555-0371,Belgrade,Serbia,,Photography
550e8400-e29b-41d4-a716-446655440311,Jerome,Sullivan,jsullivan@email.com,33,555-0372,Sofia,Bulgaria,Engineer,Yoga
550e8400-e29b-41d4-a716-446655440312,Melvin,Murphy,mmurphy@email.com,44,,Bucharest,Romania,Artist,
550e8400-e29b-41d4-a716-446655440313,Louise,Walsh,lwalsh@email.com,30,555-0373,,,Manager,Dancing
550e8400-e29b-41d4-a716-446655440314,Alfred,Simpson,asimpson@email.com,38,555-0374,Moscow,Russia,Doctor,Chess
550e8400-e29b-41d4-a716-446655440315,Edna,Murray,emurray@email.com,29,555-0375,Kiev,,Writer,
550e8400-e29b-41d4-a716-446655440316,Vernon,Graham,vgraham@email.com,41,555-0376,Minsk,Belarus,Professor,Tennis
550e8400-e29b-41d4-a716-446655440317,Bertha,Powell,bpowell@email.com,36,,Riga,Latvia,Developer,Swimming
550e8400-e29b-41d4-a716-446655440318,Frederick,Gibson,fgibson@email.com,43,555-0377,,,Architect,Golf
550e8400-e29b-41d4-a716-446655440319,Carrie,Wallace,cwallace@email.com,32,555-0378,Helsinki,Finland,Consultant,
550e8400-e29b-41d4-a716-446655440320,Herbert,Butler,hbutler@email.com,38,555-0379,Stockholm,Sweden,,Photography
550e8400-e29b-41d4-a716-446655440321,Edith,Hayes,ehayes@email.com,34,555-0380,Oslo,Norway,Engineer,Reading
550e8400-e29b-41d4-a716-446655440322,Chester,Burns,cburns@email.com,45,,Copenhagen,Denmark,Artist,
550e8400-e29b-41d4-a716-446655440323,Bernice,Foster,bfoster@email.com,31,555-0381,,,Manager,Dancing
550e8400-e29b-41d4-a716-446655440324,Floyd,Gordon,fgordon@email.com,39,555-0382,Dublin,Ireland,Doctor,Chess
550e8400-e29b-41d4-a716-446655440325,Hazel,Jenkins,hjenkins@email.com,28,555-0383,Edinburgh,,Writer,
550e8400-e29b-41d4-a716-446655440326,Leo,Perry,lperry@email.com,42,555-0384,Cardiff,Wales,Lawyer,Running
550e8400-e29b-41d4-a716-446655440327,Beulah,Powell,bpowell@email.com,35,,Belfast,Northern Ireland,Developer,Photography
550e8400-e29b-41d4-a716-446655440328,Gordon,Long,glong@email.com,40,555-0385,,,Professor,Cycling
550e8400-e29b-41d4-a716-446655440329,Pearl,Patterson,ppatterson@email.com,31,555-0386,London,UK,Teacher,
550e8400-e29b-41d4-a716-446655440330,Isaac,Hughes,ihughes@email.com,37,555-0387,Manchester,UK,,Gaming
550e8400-e29b-41d4-a716-446655440331,Lucille,Bryant,lbryant@email.com,33,555-0388,Liverpool,UK,Engineer,Photography
550e8400-e29b-41d4-a716-446655440332,Leon,Russell,lrussell@email.com,44,,Birmingham,UK,Artist,
550e8400-e29b-41d4-a716-446655440333,Flora,Coleman,fcoleman@email.com,30,555-0389,,,Manager,Yoga
550e8400-e29b-41d4-a716-446655440334,Lloyd,Richardson,lrichardson@email.com,38,555-0390,Glasgow,Scotland,Doctor,Running
550e8400-e29b-41d4-a716-446655440335,Viola,Howard,vhoward@email.com,29,555-0391,Aberdeen,,Writer,
550e8400-e29b-41d4-a716-446655440336,Claude,Ward,cward@email.com,41,555-0392,Dundee,Scotland,Professor,Tennis
550e8400-e29b-41d4-a716-446655440337,Mattie,Torres,mtorres@email.com,36,,Inverness,Scotland,Developer,Swimming
550e8400-e29b-41d4-a716-446655440338,Morris,Peterson,mpeterson@email.com,43,555-0393,,,Architect,Golf
550e8400-e29b-41d4-a716-446655440339,Mabel,Gray,mgray@email.com,32,555-0394,Paris,France,Consultant,
550e8400-e29b-41d4-a716-446655440340,Clifford,Ramirez,cramirez@email.com,38,555-0395,Lyon,France,,Photography
550e8400-e29b-41d4-a716-446655440341,Essie,James,ejames@email.com,34,555-0396,Marseille,France,Engineer,Reading
550e8400-e29b-41d4-a716-446655440342,Willard,Watson,wwatson@email.com,45,,Nice,France,Artist,
550e8400-e29b-41d4-a716-446655440343,Nellie,Brooks,nbrooks@email.com,31,555-0397,,,Manager,Dancing
550e8400-e29b-41d4-a716-446655440344,Milton,Kelly,mkelly@email.com,39,555-0398,Berlin,Germany,Doctor,Chess
550e8400-e29b-41d4-a716-446655440345,Jessie,Sanders,jsanders@email.com,28,555-0399,Hamburg,,Writer,
550e8400-e29b-41d4-a716-446655440346,Leslie,Price,lprice@email.com,42,555-0400,Munich,Germany,Lawyer,Running
550e8400-e29b-41d4-a716-446655440347,Ada,Bennett,abennett@email.com,35,,Frankfurt,Germany,Developer,Photography
550e8400-e29b-41d4-a716-446655440348,Cecil,Wood,cwood@email.com,40,555-0401,,,Professor,Cycling
550e8400-e29b-41d4-a716-446655440349,Nina,Barnes,nbarnes@email.com,31,555-0402,Rome,Italy,Teacher,
550e8400-e29b-41d4-a716-446655440350,Edgar,Ross,eross@email.com,37,555-0403,Milan,Italy,,Gaming
550e8400-e29b-41d4-a716-446655440351,Nannie,Hughes,nhughes@email.com,33,555-0404,Naples,Italy,Engineer,Photography
550e8400-e29b-41d4-a716-446655440352,Horace,Russell,hrussell@email.com,44,,Venice,Italy,Artist,
550e8400-e29b-41d4-a716-446655440353,Susie,Gray,sgray@email.com,30,555-0405,,,Manager,Yoga
550e8400-e29b-41d4-a716-446655440354,Calvin,Kelly,ckelly@email.com,38,555-0406,Madrid,Spain,Doctor,
550e8400-e29b-41d4-a716-446655440355,Mamie,Sullivan,msullivan@email.com,29,555-0407,Barcelona,,Writer,Reading
550e8400-e29b-41d4-a716-446655440356,Oscar,Murphy,omurphy@email.com,41,555-0408,Valencia,Spain,Lawyer,
550e8400-e29b-41d4-a716-446655440357,Fannie,Walsh,fwalsh@email.com,36,,Seville,Spain,Developer,Swimming
550e8400-e29b-41d4-a716-446655440358,Luther,Simpson,lsimpson@email.com,43,555-0409,,,Professor,Golf
550e8400-e29b-41d4-a716-446655440359,Stella,Murray,smurray@email.com,32,555-0410,Lisbon,Portugal,Consultant,
550e8400-e29b-41d4-a716-446655440360,Dewey,Graham,dgraham@email.com,38,555-0411,Porto,Portugal,,Photography
550e8400-e29b-41d4-a716-446655440361,Maggie,Powell,mpowell@email.com,34,555-0412,Faro,Portugal,Engineer,Yoga
550e8400-e29b-41d4-a716-446655440362,Rufus,Gibson,rgibson@email.com,45,,Coimbra,Portugal,Artist,
550e8400-e29b-41d4-a716-446655440363,Nellie,Wallace,nwallace@email.com,31,555-0413,,,Manager,Dancing
550e8400-e29b-41d4-a716-446655440364,Jim,Butler,jbutler@email.com,39,555-0414,Athens,Greece,Doctor,Chess
550e8400-e29b-41d4-a716-446655440365,Minnie,Hayes,mhayes@email.com,28,555-0415,Thessaloniki,,Writer,
550e8400-e29b-41d4-a716-446655440366,Willis,Burns,wburns@email.com,42,555-0416,Patras,Greece,Professor,Tennis
550e8400-e29b-41d4-a716-446655440367,Hattie,Foster,hfoster@email.com,35,,Heraklion,Greece,Developer,Swimming
550e8400-e29b-41d4-a716-446655440368,Alexander,Gordon,agordon@email.com,40,555-0417,,,Architect,Golf
550e8400-e29b-41d4-a716-446655440369,Daisy,Jenkins,djenkins@email.com,31,555-0418,Brussels,Belgium,Consultant,
550e8400-e29b-41d4-a716-446655440370,Guy,Perry,gperry@email.com,37,555-0419,Antwerp,Belgium,,Photography
550e8400-e29b-41d4-a716-446655440371,Anne,Powell,apowell@email.com,33,555-0420,Ghent,Belgium,Engineer,Reading
550e8400-e29b-41d4-a716-446655440372,Hugh,Long,hlong@email.com,44,,Bruges,Belgium,Artist,
550e8400-e29b-41d4-a716-446655440373,Effie,Patterson,epatterson@email.com,30,555-0421,,,Manager,Dancing
550e8400-e29b-41d4-a716-446655440374,Amos,Hughes,ahughes@email.com,38,555-0422,Amsterdam,Netherlands,Doctor,Chess
550e8400-e29b-41d4-a716-446655440375,Addie,Bryant,abryant@email.com,29,555-0423,Rotterdam,,Writer,
550e8400-e29b-41d4-a716-446655440376,Max,Russell,mrussell@email.com,41,555-0424,The Hague,Netherlands,Lawyer,Running
550e8400-e29b-41d4-a716-446655440377,Augusta,Coleman,acoleman@email.com,36,,Utrecht,Netherlands,Developer,Photography
550e8400-e29b-41d4-a716-446655440378,Ben,Richardson,brichardson@email.com,43,555-0425,,,Professor,Cycling
550e8400-e29b-41d4-a716-446655440379,Ida,Howard,ihoward@email.com,32,555-0426,Bern,Switzerland,Teacher,
550e8400-e29b-41d4-a716-446655440380,Travis,Ward,tward@email.com,38,555-0427,Zurich,Switzerland,,Gaming
550e8400-e29b-41d4-a716-446655440381,Julia,Torres,jtorres@email.com,34,555-0428,Geneva,Switzerland,Engineer,Photography
550e8400-e29b-41d4-a716-446655440382,Monroe,Peterson,mpeterson@email.com,45,,Basel,Switzerland,Artist,
550e8400-e29b-41d4-a716-446655440383,Harriet,Gray,hgray@email.com,31,555-0429,,,Manager,Yoga
550e8400-e29b-41d4-a716-446655440384,Clinton,Ramirez,cramirez@email.com,39,555-0430,Vienna,Austria,Doctor,Running
550e8400-e29b-41d4-a716-446655440385,Ollie,James,ojames@email.com,28,555-0431,Salzburg,,Writer,
550e8400-e29b-41d4-a716-446655440386,Jacob,Watson,jwatson@email.com,42,555-0432,Graz,Austria,Professor,Tennis
550e8400-e29b-41d4-a716-446655440387,Sophia,Brooks,sbrooks@email.com,35,,Linz,Austria,Developer,Swimming
550e8400-e29b-41d4-a716-446655440388,Ivan,Kelly,ikelly@email.com,40,555-0433,,,Architect,Golf
550e8400-e29b-41d4-a716-446655440389,Lena,Sanders,lsanders@email.com,31,555-0434,Stockholm,Sweden,Consultant,
550e8400-e29b-41d4-a716-446655440390,Ira,Price,iprice@email.com,37,555-0435,Gothenburg,Sweden,,Photography
550e8400-e29b-41d4-a716-446655440391,Caroline,Bennett,cbennett@email.com,33,555-0436,Malmö,Sweden,Engineer,Reading
550e8400-e29b-41d4-a716-446655440392,Otis,Wood,owood@email.com,44,,Uppsala,Sweden,Artist,
550e8400-e29b-41d4-a716-446655440393,Lucy,Barnes,lbarnes@email.com,30,555-0437,,,Manager,Dancing
550e8400-e29b-41d4-a716-446655440394,Simon,Ross,sross@email.com,38,555-0438,Oslo,Norway,Doctor,Chess
550e8400-e29b-41d4-a716-446655440395,Lydia,Hughes,lhughes@email.com,29,555-0439,Bergen,,Writer,
550e8400-e29b-41d4-a716-446655440396,Nathan,Russell,nrussell@email.com,41,555-0440,Trondheim,Norway,Lawyer,Running
550e8400-e29b-41d4-a716-446655440397,Ella,Gray,egray@email.com,36,,Stavanger,Norway,Developer,Photography
550e8400-e29b-41d4-a716-446655440398,Wilson,Kelly,wkelly@email.com,43,555-0441,,,Professor,Cycling
550e8400-e29b-41d4-a716-446655440399,Nancy,Sullivan,nsullivan@email.com,32,555-0442,Helsinki,Finland,Teacher,
550e8400-e29b-41d4-a716-446655440400,Elmer,Murphy,emurphy@email.com,38,555-0443,Espoo,Finland,,Gaming
550e8400-e29b-41d4-a716-446655440401,Maude,Walsh,mwalsh@email.com,34,555-0444,Tampere,Finland,Engineer,Photography
550e8400-e29b-41d4-a716-446655440402,Marvin,Simpson,msimpson@email.com,45,,Vantaa,Finland,Artist,
550e8400-e29b-41d4-a716-446655440403,May,Murray,mmurray@email.com,31,555-0445,,,Manager,Yoga
550e8400-e29b-41d4-a716-446655440404,Lester,Graham,lgraham@email.com,39,555-0446,Copenhagen,Denmark,Doctor,
550e8400-e29b-41d4-a716-446655440405,Elsie,Powell,epowell@email.com,28,555-0447,Aarhus,,Writer,Reading
550e8400-e29b-41d4-a716-446655440406,Joel,Gibson,jgibson@email.com,42,555-0448,Odense,Denmark,Lawyer,
550e8400-e29b-41d4-a716-446655440407,Eva,Wallace,ewallace@email.com,35,,Aalborg,Denmark,Developer,Swimming
550e8400-e29b-41d4-a716-446655440408,Lloyd,Butler,lbutler@email.com,40,555-0449,,,Professor,Golf
550e8400-e29b-41d4-a716-446655440409,Tillie,Hayes,thayes@email.com,31,555-0450,Reykjavik,Iceland,Consultant,
550e8400-e29b-41d4-a716-446655440410,Andre,Burns,aburns@email.com,37,555-0451,Kópavogur,Iceland,,Photography
550e8400-e29b-41d4-a716-446655440411,Genevieve,Foster,gfoster@email.com,33,555-0452,Hafnarfjörður,Iceland,Engineer,Yoga
550e8400-e29b-41d4-a716-446655440412,Archie,Gordon,agordon@email.com,44,,Reykjanesbær,Iceland,Artist,
550e8400-e29b-41d4-a716-446655440413,Susie,Jenkins,sjenkins@email.com,30,555-0453,,,Manager,Dancing
550e8400-e29b-41d4-a716-446655440414,Edmund,Perry,eperry@email.com,38,555-0454,Warsaw,Poland,Doctor,Chess
550e8400-e29b-41d4-a716-446655440415,Gertrude,Powell,gpowell@email.com,29,555-0455,Kraków,,Writer,
550e8400-e29b-41d4-a716-446655440416,Vernon,Long,vlong@email.com,41,555-0456,Łódź,Poland,Professor,Tennis
550e8400-e29b-41d4-a716-446655440417,Lucille,Patterson,lpatterson@email.com,36,,Wrocław,Poland,Developer,Swimming
550e8400-e29b-41d4-a716-446655440418,Gilbert,Hughes,ghughes@email.com,43,555-0457,,,Architect,Golf
550e8400-e29b-41d4-a716-446655440419,Jennie,Bryant,jbryant@email.com,32,555-0458,Prague,Czech Republic,Consultant,
550e8400-e29b-41d4-a716-446655440420,Gordon,Russell,grussell@email.com,38,555-0459,Brno,Czech Republic,,Photography
550e8400-e29b-41d4-a716-446655440421,Myrtle,Coleman,mcoleman@email.com,34,555-0460,Ostrava,Czech Republic,Engineer,Reading
550e8400-e29b-41d4-a716-446655440422,Forrest,Richardson,frichardson@email.com,45,,Plzeň,Czech Republic,Artist,
550e8400-e29b-41d4-a716-446655440423,Janie,Howard,jhoward@email.com,31,555-0461,,,Manager,Dancing
550e8400-e29b-41d4-a716-446655440424,Angelo,Ward,award@email.com,39,555-0462,Budapest,Hungary,Doctor,Chess
550e8400-e29b-41d4-a716-446655440425,Sallie,Torres,storres@email.com,28,555-0463,Debrecen,,Writer,
550e8400-e29b-41d4-a716-446655440426,Pete,Peterson,ppeterson@email.com,42,555-0464,Szeged,Hungary,Lawyer,Running
550e8400-e29b-41d4-a716-446655440427,Mollie,Gray,mgray@email.com,35,,Miskolc,Hungary,Developer,Photography
550e8400-e29b-41d4-a716-446655440428,Lonnie,Ramirez,lramirez@email.com,40,555-0465,,,Professor,Cycling
550e8400-e29b-41d4-a716-446655440429,Matilda,James,mjames@email.com,31,555-0466,Bucharest,Romania,Teacher,
550e8400-e29b-41d4-a716-446655440430,Cornelius,Watson,cwatson@email.com,37,555-0467,Cluj-Napoca,Romania,,Gaming
550e8400-e29b-41d4-a716-446655440431,Sophia,Brooks,sbrooks@email.com,33,555-0468,Timișoara,Romania,Engineer,Photography
550e8400-e29b-41d4-a716-446655440432,Randall,Kelly,rkelly@email.com,44,,Iași,Romania,Artist,
550e8400-e29b-41d4-a716-446655440433,Sadie,Sanders,ssanders@email.com,30,555-0469,,,Manager,Yoga
550e8400-e29b-41d4-a716-446655440434,Noah,Price,nprice@email.com,38,555-0470,Sofia,Bulgaria,Doctor,Running
550e8400-e29b-41d4-a716-446655440435,Isabel,Bennett,ibennett@email.com,29,555-0471,Plovdiv,,Writer,
550e8400-e29b-41d4-a716-446655440436,Tom,Wood,twood@email.com,41,555-0472,Varna,Bulgaria,Professor,Tennis
550e8400-e29b-41d4-a716-446655440437,Rosie,Barnes,rbarnes@email.com,36,,Burgas,Bulgaria,Developer,Swimming
550e8400-e29b-41d4-a716-446655440438,Sherman,Ross,sross@email.com,43,555-0473,,,Architect,Golf
550e8400-e29b-41d4-a716-446655440439,Ora,Hughes,ohughes@email.com,32,555-0474,Zagreb,Croatia,Consultant,
550e8400-e29b-41d4-a716-446655440440,Irving,Russell,irussell@email.com,38,555-0475,Split,Croatia,,Photography
550e8400-e29b-41d4-a716-446655440441,Roxie,Gray,rgray@email.com,34,555-0476,Rijeka,Croatia,Engineer,Reading
550e8400-e29b-41d4-a716-446655440442,Augustus,Kelly,akelly@email.com,45,,Osijek,Croatia,Artist,
550e8400-e29b-41d4-a716-446655440443,Mattie,Sullivan,msullivan@email.com,31,555-0477,,,Manager,Dancing
550e8400-e29b-41d4-a716-446655440444,Clifton,Murphy,cmurphy@email.com,39,555-0478,Belgrade,Serbia,Doctor,Chess
550e8400-e29b-41d4-a716-446655440445,Harriett,Walsh,hwalsh@email.com,28,555-0479,Novi Sad,,Writer,
550e8400-e29b-41d4-a716-446655440446,Edmund,Simpson,esimpson@email.com,42,555-0480,Niš,Serbia,Lawyer,Running
550e8400-e29b-41d4-a716-446655440447,Adeline,Murray,amurray@email.com,35,,Kragujevac,Serbia,Developer,Photography
550e8400-e29b-41d4-a716-446655440448,Jerome,Graham,jgraham@email.com,40,555-0481,,,Professor,Cycling
550e8400-e29b-41d4-a716-446655440449,Estelle,Powell,epowell@email.com,31,555-0482,Ljubljana,Slovenia,Teacher,
550e8400-e29b-41d4-a716-446655440450,Leroy,Gibson,lgibson@email.com,37,555-0483,Maribor,Slovenia,,Gaming
550e8400-e29b-41d4-a716-446655440451,Pauline,Wallace,pwallace@email.com,33,555-0484,Celje,Slovenia,Engineer,Photography
550e8400-e29b-41d4-a716-446655440452,Levi,Butler,lbutler@email.com,44,,Kranj,Slovenia,Artist,
550e8400-e29b-41d4-a716-446655440453,Eunice,Hayes,ehayes@email.com,30,555-0485,,,Manager,Yoga
550e8400-e29b-41d4-a716-446655440454,Marcus,Burns,mburns@email.com,38,555-0486,Bratislava,Slovakia,Doctor,
550e8400-e29b-41d4-a716-446655440455,Alberta,Foster,afoster@email.com,29,555-0487,Košice,,Writer,Reading
550e8400-e29b-41d4-a716-446655440456,Douglas,Gordon,dgordon@email.com,41,555-0488,Prešov,Slovakia,Lawyer,
550e8400-e29b-41d4-a716-446655440457,Marguerite,Jenkins,mjenkins@email.com,36,,Nitra,Slovakia,Developer,Swimming
550e8400-e29b-41d4-a716-446655440458,Homer,Perry,hperry@email.com,43,555-0489,,,Professor,Golf
550e8400-e29b-41d4-a716-446655440459,Bertha,Powell,bpowell@email.com,32,555-0490,Tallinn,Estonia,Consultant,
550e8400-e29b-41d4-a716-446655440460,Wesley,Long,wlong@email.com,38,555-0491,Tartu,Estonia,,Photography
550e8400-e29b-41d4-a716-446655440461,Nina,Patterson,npatterson@email.com,34,555-0492,Narva,Estonia,Engineer,Yoga
550e8400-e29b-41d4-a716-446655440462,Horace,Hughes,hhughes@email.com,45,,Pärnu,Estonia,Artist,
550e8400-e29b-41d4-a716-446655440463,Lucinda,Bryant,lbryant@email.com,31,555-0493,,,Manager,Dancing
550e8400-e29b-41d4-a716-446655440464,Elbert,Russell,erussell@email.com,39,555-0494,Riga,Latvia,Doctor,Chess
550e8400-e29b-41d4-a716-446655440465,Cecelia,Coleman,ccoleman@email.com,28,555-0495,Daugavpils,,Writer,
550e8400-e29b-41d4-a716-446655440466,Bernard,Richardson,brichardson@email.com,42,555-0496,Liepāja,Latvia,Professor,Tennis
550e8400-e29b-41d4-a716-446655440467,Frances,Howard,fhoward@email.com,35,,Jelgava,Latvia,Developer,Swimming
550e8400-e29b-41d4-a716-446655440468,Clayton,Ward,cward@email.com,40,555-0497,,,Architect,Golf
550e8400-e29b-41d4-a716-446655440469,Leona,Torres,ltorres@email.com,31,555-0498,Vilnius,Lithuania,Consultant,
550e8400-e29b-41d4-a716-446655440470,Clyde,Peterson,cpeterson@email.com,37,555-0499,Kaunas,Lithuania,,Photography
550e8400-e29b-41d4-a716-446655440471,Viola,Gray,vgray@email.com,33,555-0500,Klaipėda,Lithuania,Engineer,Reading
550e8400-e29b-41d4-a716-446655440472,Earnest,Ramirez,eramirez@email.com,44,,Šiauliai,Lithuania,Artist,
550e8400-e29b-41d4-a716-446655440473,Mable,James,mjames@email.com,30,555-0501,,,Manager,Dancing
550e8400-e29b-41d4-a716-446655440474,Dewey,Watson,dwatson@email.com,38,555-0502,Valletta,Malta,Doctor,Chess
550e8400-e29b-41d4-a716-446655440475,Nellie,Brooks,nbrooks@email.com,29,555-0503,Birkirkara,,Writer,
550e8400-e29b-41d4-a716-446655440476,Felix,Kelly,fkelly@email.com,41,555-0504,Qormi,Malta,Lawyer,Running
550e8400-e29b-41d4-a716-446655440477,Grace,Sanders,gsanders@email.com,36,,Mosta,Malta,Developer,Photography
550e8400-e29b-41d4-a716-446655440478,Oliver,Price,oprice@email.com,43,555-0505,,,Professor,Cycling
550e8400-e29b-41d4-a716-446655440479,Ada,Bennett,abennett@email.com,32,555-0506,Luxembourg City,Luxembourg,Teacher,
550e8400-e29b-41d4-a716-446655440480,Wilbur,Wood,wwood@email.com,38,555-0507,Esch-sur-Alzette,Luxembourg,,Gaming
550e8400-e29b-41d4-a716-446655440481,Luella,Barnes,lbarnes@email.com,34,555-0508,Differdange,Luxembourg,Engineer,Photography
550e8400-e29b-41d4-a716-446655440482,Ira,Ross,iross@email.com,45,,Dudelange,Luxembourg,Artist,
550e8400-e29b-41d4-a716-446655440483,Blanche,Hughes,bhughes@email.com,31,555-0509,,,Manager,Yoga
550e8400-e29b-41d4-a716-446655440484,Ervin,Russell,erussell@email.com,39,555-0510,Monaco,Monaco,Doctor,Running
550e8400-e29b-41d4-a716-446655440485,Pearl,Gray,pgray@email.com,28,555-0511,Monte Carlo,,Writer,
550e8400-e29b-41d4-a716-446655440486,Sylvester,Kelly,skelly@email.com,42,555-0512,La Condamine,Monaco,Professor,Tennis
550e8400-e29b-41d4-a716-446655440487,Essie,Sullivan,esullivan@email.com,35,,Fontvieille,Monaco,Developer,Swimming
550e8400-e29b-41d4-a716-446655440488,Lloyd,Murphy,lmurphy@email.com,40,555-0513,,,Architect,Golf
550e8400-e29b-41d4-a716-446655440489,Maude,Walsh,mwalsh@email.com,31,555-0514,Andorra la Vella,Andorra,Consultant,
550e8400-e29b-41d4-a716-446655440490,Grover,Simpson,gsimpson@email.com,37,555-0515,Escaldes-Engordany,Andorra,,Photography
550e8400-e29b-41d4-a716-446655440491,Lula,Murray,lmurray@email.com,33,555-0516,Encamp,Andorra,Engineer,Reading
550e8400-e29b-41d4-a716-446655440492,Floyd,Graham,fgraham@email.com,44,,La Massana,Andorra,Artist,
550e8400-e29b-41d4-a716-446655440493,Josie,Powell,jpowell@email.com,30,555-0517,,,Manager,Dancing
550e8400-e29b-41d4-a716-446655440494,Reuben,Gibson,rgibson@email.com,38,555-0518,San Marino,San Marino,Doctor,Chess
550e8400-e29b-41d4-a716-446655440495,Minerva,Wallace,mwallace@email.com,29,555-0519,Borgo Maggiore,,Writer,
550e8400-e29b-41d4-a716-446655440496,Claud,Butler,cbutler@email.com,41,555-0520,Serravalle,San Marino,Lawyer,Running
550e8400-e29b-41d4-a716-446655440497,Lena,Hayes,lhayes@email.com,36,,Domagnano,San Marino,Developer,Photography
550e8400-e29b-41d4-a716-446655440498,Wilson,Burns,wburns@email.com,43,555-0521,,,Professor,Cycling
550e8400-e29b-41d4-a716-446655440499,Cora,Foster,cfoster@email.com,32,555-0522,Vatican City,Vatican City,Teacher,